First Name,Last Name,domail,email
anant,raj,@c2c.com,Anant.R@c2c.com
arushi,gupta,@c2c.com,
chirag,surana,@c2c.com,
harshit,sharma,@c2c.com,
ishan,bhandari,@c2c.com,
karthik,reddy,@c2c.com,
khushi,mittal,@c2c.com,
kushagra,gupta,@c2c.com,
mahima,rawal,@c2c.com,
mukkamula,rohith,@c2c.com,
mukul,kulshreshtha,@c2c.com,
muskaan,singh,@c2c.com,
navyatha,m,@c2c.com,
paras,aggarwal,@c2c.com,
phani,kumar,@c2c.com,
prajjwal,singh,@c2c.com,
priyanka,choudhary,@c2c.com,
pruthvi,va,@c2c.com,
rahul,khandelwal,@c2c.com,
raman,preet,@c2c.com,
rajesh,reddy,@c2c.com,
sakshi,p,@c2c.com,
samriddh,shourya,@c2c.com,
sankalp,srivastava,@c2c.com,
shreya,jain,@c2c.com,
sreya ,busireddy,@c2c.com,
surya,v,@c2c.com,
syed,mohammad,@c2c.com,
tarun,krishnan,@c2c.com,
ujjwal,jain,@c2c.com,
varun,d,@c2c.com,